checkId,name,collector,category,severity,complexity,disruptionRisk,licensingMinimum,hasAutomatedCheck,remediationMode,portalPath,powershellCommand,notes,specStatus,ticket
BACKUP-ENABLED-001,Ensure Microsoft 365 Backup is Enabled to Protect Backup CUI Confidentiality,Backup,BACKUP,High,3,False,E3,True,manual,Microsoft 365 Admin Center > Settings > Org settings > Microsoft 365 Backup > Enable,,"Enable Microsoft 365 Backup in the admin center. . Requires Microsoft 365 Backup add-on license. Configure backup scope for Exchange, SharePoint, and OneDrive",not-started,
CA-DEVICE-001,Ensure a managed device is required for authentication,CAEvaluator,DEVICE,High,4,True,E3,True,manual,Entra admin center > Protection > Conditional Access,,Create a CA policy: Target All users > All cloud apps > Grant > Require device to be marked as compliant (or Hybrid Azure AD joined),not-started,
CA-DEVICE-002,Ensure a managed device is required to register security information,CAEvaluator,DEVICE,Medium,3,True,E3,True,manual,Entra admin center > Protection > Conditional Access,,Create a CA policy: User actions > Register security information > Grant > Require compliant device,not-started,
CA-DEVICECODE-001,Ensure the device code sign-in flow is blocked,CAEvaluator,DEVICECODE,High,4,True,E3,True,manual,Entra admin center > Protection > Conditional Access,,Create a CA policy: Target All users > Conditions > Authentication flows > Device code flow > Grant > Block access,not-started,
CA-EXCLUSION-001,Privileged admins excluded from Conditional Access policies,StrykerReadiness,CAEXCLUSION,High,4,False,E3,True,manual,Entra admin center > Security > Conditional Access > review each policy's exclusions,,Remove privileged admin accounts from Conditional Access policy exclusions. . Use PIM just-in-time activation instead of permanent CA exclusions. Retain only break-glass accounts as exclusions,not-started,
CA-FALLBACK-001,CA policies have no valid include target (applies to nobody),CAEvaluator,FALLBACK,High,4,True,E3,True,manual,Entra admin center > Protection > Conditional Access > Policies,,"For each enabled policy, verify the Users > Include section contains at least one valid, resolvable user, group, or role. Policies with empty include targets should be disabled or remediated with a valid fallback include (e.g., 'All users')",not-started,
CA-INTUNE-001,Ensure sign-in frequency for Intune Enrollment is set to 'Every time',CAEvaluator,INTUNE,Medium,4,True,E3,True,manual,Entra admin center > Protection > Conditional Access,,Create a CA policy: Target Microsoft Intune enrollment app > Session > Sign-in frequency = Every time,not-started,
CA-LEGACYAUTH-001,Enable Conditional Access policies to block legacy authentication,CAEvaluator,LEGACYAUTH,High,3,True,E3,True,undetermined,,,"Security Defaults blocks legacy authentication protocols. For granular control, disable Security Defaults and create Conditional Access policies",not-started,
CA-MFA-ADMIN-001,Ensure multifactor authentication is enabled for all users in administrative roles,CAEvaluator,MFA-ADMIN,High,4,True,E3,True,undetermined,,,"Security Defaults enforces MFA for all admin roles. For granular control, disable Security Defaults and create Conditional Access policies",not-started,
CA-MFA-ALL-001,Ensure multifactor authentication is enabled for all users,CAEvaluator,MFA-ALL,High,5,True,E3,True,undetermined,,,"Security Defaults enforces MFA for all users. For granular control, disable Security Defaults and create Conditional Access policies",not-started,
CA-NAMEDLOC-001,Trusted IP-based named locations susceptible to spoofing,CAEvaluator,NAMEDLOC,High,4,True,E3,True,manual,Entra admin center > Protection > Conditional Access > Named locations,,IP-based trusted locations can be spoofed via VPN or proxy. Consider Global Secure Access compliant network checks or country-based locations for stronger assurance,not-started,
CA-NAMEDLOC-002,CA policies reference stale or deleted named locations,CAEvaluator,NAMEDLOC,Medium,3,True,E3,True,manual,Entra admin center > Protection > Conditional Access > Named locations,,Identify and remove named location objects that are no longer in use. Review each CA policy that references named locations and remove or replace stale location references,not-started,
CA-PHISHRES-001,Ensure 'Phishing-resistant MFA strength' is required for Administrators,CAEvaluator,PHISHRES,High,4,True,E3,True,manual,Entra admin center > Protection > Conditional Access,,Create a CA policy: Target admin roles > Grant > Require authentication strength > Phishing-resistant MFA,not-started,
CA-REMOTEDEVICE-001,Ensure Remote Access Enforces Device Compliance via Conditional Access,CAEvaluator,REMOTEDEVICE,High,4,True,E3,True,manual,Entra admin center > Security > Conditional Access > New policy > target all users > Condition: Device platforms or named locations > Grant: Require device to be marked as compliant,,Require device compliance for remote access. . Combine with Intune compliance policies,not-started,
CA-REPORTONLY-001,Conditional Access policies in report-only mode,CAEvaluator,REPORTONLY,Medium,2,True,E3,True,manual,Entra admin center > Protection > Conditional Access,,Review report-only policies and either enable enforcement or remove if no longer needed,not-started,
CA-RISKPOLICY-001,CA policy combines sign-in risk and user risk (anti-pattern),CAEvaluator,RISKPOLICY,Medium,3,True,E3,True,manual,Entra admin center > Protection > Conditional Access,,Combining sign-in risk and user risk in one CA policy creates an AND condition -- both must be true to trigger. Microsoft recommends separate policies for each risk type,not-started,
CA-ROLECOVERAGE-001,CA policies targeting directory roles miss active Tier-0 roles,CAEvaluator,ROLECOVERAGE,High,4,True,E3,True,undetermined,,,"Consider creating CA policies that specifically target privileged directory roles with stricter controls (phishing-resistant MFA, compliant devices)",not-started,
CA-SESSION-001,Persistent browser sessions allowed without device compliance,CAEvaluator,SESSION,Medium,3,True,E3,True,manual,Entra admin center > Protection > Conditional Access,,Persistent browser sessions on unmanaged devices increase the risk of session hijacking. Require device compliance or remove persistent browser grants,not-started,
CA-SIGNIN-FREQ-001,Ensure Sign-in frequency is enabled and browser sessions are not persistent for Administrative users,CAEvaluator,SIGNIN-FREQ,Medium,3,True,E3,True,manual,Entra admin center > Protection > Conditional Access,,"Create a CA policy: Target admin roles > Session > Sign-in frequency (e.g., 4 hours) + Persistent browser session = Never",not-started,
CA-SIGNINRISK-001,Enable Identity Protection sign-in risk policies,CAEvaluator,SIGNINRISK,High,5,True,E5,True,manual,Entra admin center > Protection > Conditional Access,,"Create a CA policy: Target All users > Conditions > Sign-in risk > High, Medium > Grant > Require MFA",not-started,
CA-SIGNINRISK-002,Ensure 'sign-in risk' is blocked for medium and high risk,CAEvaluator,SIGNINRISK,High,5,True,E5,True,undetermined,,,"Security Defaults blocks high-risk sign-ins but does not provide granular medium-risk controls. For full coverage, disable Security Defaults and create Conditional Access policies with Entra ID P2",not-started,
CA-STALEREF-001,CA policies reference deleted or invalid groups,CAEvaluator,STALEREF,Medium,3,True,E3,True,manual,Entra admin center > Protection > Conditional Access > Policies,,"For each policy, review the Users > Include and Exclude conditions and remove any group objects that have been deleted from Entra ID. Ensure every group reference resolves to an active group",not-started,
CA-USERRISK-001,Enable Identity Protection user risk policies,CAEvaluator,USERRISK,High,5,True,E5,True,manual,Entra admin center > Protection > Conditional Access,,Create a CA policy: Target All users > Conditions > User risk > High > Grant > Require password change + MFA,not-started,
COMPLIANCE-ALERTPOLICY-001,Security Alert Policies Configuration,Compliance,ALERTPOLICY,High,3,False,E3,True,manual,Microsoft Purview > Alert policies > Review and enable default alert policies,,"Ensure high-severity policies for suspicious activity, malware, and privilege escalation are active",not-started,
COMPLIANCE-AUDIT-001,Ensure Microsoft 365 audit log search is Enabled,Compliance,AUDIT,High,3,True,E3,True,auto-candidate,Microsoft Purview > Audit > Start recording user and admin activity,Set-AdminAuditLogConfig -UnifiedAuditLogIngestionEnabled $true,,not-started,
COMPLIANCE-COMMS-001,Ensure Communication Compliance Policies are Enabled,Compliance,COMMS,Medium,4,True,E5,True,manual,Microsoft Purview > Communication compliance > Create a policy to monitor communications for policy violations and insider risk,,Requires E5 Compliance licensing,not-started,
COMPLIANCE-DLP-001,Ensure DLP policies are enabled,Compliance,DLP,High,3,False,E3,True,manual,Microsoft Purview > Data loss prevention > Policies > Create a DLP policy covering sensitive information types relevant to your organization,,,not-started,
COMPLIANCE-DLP-002,Ensure DLP policies are enabled for Microsoft Teams,Compliance,DLP,High,4,False,E5,True,manual,Microsoft Purview > Data loss prevention > Policies > Edit an existing policy or create new > Include Teams chat and channel messages location,,,not-started,
COMPLIANCE-DLP-003,Ensure DLP Policies Cover Exchange and SharePoint/OneDrive,Compliance,DLP,High,3,False,E3,True,manual,Microsoft Purview > Data loss prevention > Policies > Edit existing policies to include Exchange email and SharePoint/OneDrive locations for comprehensive data protection,,,not-started,
COMPLIANCE-LABELS-001,Ensure Information Protection sensitivity label policies are published,Compliance,LABELS,Medium,2,False,E3,True,manual,Microsoft Purview > Information protection > Labels > Create and publish sensitivity labels,,Then create a label policy to deploy them to users,not-started,
COMPLIANCE-LABELS-002,Ensure Auto-Sensitivity Labeling Policies are Configured,Compliance,LABELS,High,4,False,E5,True,manual,Microsoft Purview > Information protection > Auto-labeling > Create a policy to automatically classify sensitive content,,Requires Azure Information Protection P2 (E5 or E5 Compliance),not-started,
DEFENDER-ANTIMALWARE-001,Ensure the Common Attachment Types Filter is enabled,Defender,ANTIMALWARE,Medium,3,False,E3,True,auto-candidate,Security admin center > Anti-malware > Default policy > Common attachments filter > Enable,Set-MalwareFilterPolicy -Identity <PolicyName> -EnableFileFilter $true,,not-started,
DEFENDER-ANTIMALWARE-002,Ensure notifications for internal users sending malware is Enabled,Defender,ANTIMALWARE,Medium,2,False,E3,True,auto-candidate,Security admin center > Anti-malware > Default policy > Admin notifications > Notify admin about undelivered messages from internal senders,Set-MalwareFilterPolicy -Identity <PolicyName> -EnableInternalSenderAdminNotifications $true -InternalSenderAdminAddress admin@domain.com,,not-started,
DEFENDER-ANTIPHISH-001,Ensure that an anti-phishing policy has been created,Defender,ANTIPHISH,Medium,4,False,E5,True,undetermined,,,No action needed -- settings enforced by preset security policy,not-started,
DEFENDER-ANTISPAM-001,Ensure Exchange Online Spam Policies are set to notify administrators,Defender,ANTISPAM,Medium,3,False,E3,True,undetermined,,,No action needed -- settings enforced by preset security policy,not-started,
DEFENDER-ANTISPAM-002,Ensure inbound anti-spam policies do not contain allowed domains,Defender,ANTISPAM,High,4,False,E3,True,manual,Defender portal > Email & Collaboration > Policies & rules > Threat policies > Anti-spam > edit each inbound policy > Allow & block lists > Allowed domains: remove all entries,,Remove all entries from the 'Allowed domains' list in inbound anti-spam policies. . Allowed domains bypass both spam and malware filtering,not-started,
DEFENDER-CFGDETECT-001,Ensure automated detection of misconfigured or unauthorized components,Defender,CFGDETECT,High,4,False,E5,True,manual,security.microsoft.com > Settings > Device discovery,,Enable Defender for Endpoint device discovery. . Ensure devices are onboarded and configuration assessment is active,not-started,
DEFENDER-CLOUDAPPS-001,Ensure Microsoft Defender for Cloud Apps is enabled and configured,Defender,CLOUDAPPS,Medium,3,False,E5,True,manual,Defender portal > Settings > Cloud apps > verify connection,,Enable and configure Microsoft Defender for Cloud Apps. . Enable app connectors for Microsoft 365 and configure session policies via Conditional Access app control for sensitive applications,not-started,
DEFENDER-MALWARE-002,Ensure comprehensive attachment filtering is applied,Defender,MALWARE,Medium,3,False,E3,True,manual,Defender portal > Email & Collaboration > Policies & rules > Threat policies > Anti-malware > edit default policy > Common attachments filter: On,,"Enable comprehensive attachment filtering. . Add high-risk extensions (.exe, .js, .vbs, .bat, .cmd, .ps1, .msi). Enable ZAP",not-started,
DEFENDER-OUTBOUND-001,Ensure outbound anti-spam message limits are in place,Defender,OUTBOUND,Medium,3,False,E3,True,auto-candidate,Security admin center > Anti-spam > Outbound policy > Auto-forwarding rules > Off,Set-HostedOutboundSpamFilterPolicy -Identity <PolicyName> -AutoForwardingMode Off,,not-started,
DEFENDER-PRIORITY-001,Ensure Priority account protection is enabled and configured,Defender,PRIORITY,Medium,3,True,E5,True,manual,Security admin center > Preset security policies > Strict or Standard protection > Assign users/groups,,Configure preset security policies in,not-started,
DEFENDER-PRIORITY-002,Ensure Priority accounts have 'Strict protection' presets applied,Defender,PRIORITY,Medium,3,True,E5,True,manual,Security admin center > Preset security policies > Strict protection > Manage protection settings > Add users or groups,,Assign priority account users to the Strict preset policy,not-started,
DEFENDER-REALTIMESCAN-001,Ensure Defender Antivirus real-time protection is enabled,Defender,REALTIMESCAN,Critical,5,False,E3,True,manual,Intune admin center > Endpoint security > Antivirus > Create policy > Microsoft Defender Antivirus > Enable real-time protection,,,not-started,
DEFENDER-SAFEATTACH-001,Ensure Safe Attachments policy is enabled,Defender,SAFEATTACH,High,3,False,E5,True,auto-candidate,Security admin center > Safe Attachments > Create a policy covering all users,"New-SafeAttachmentPolicy -Name ""Safe Attachments"" -Enable $true -Action Block; New-SafeAttachmentRule -Name ""Safe Attachments"" -SafeAttachmentPolicy ""Safe Attachments"" -RecipientDomainIs (Get-AcceptedDomain).Name",,not-started,
DEFENDER-SAFEATTACH-002,Ensure Safe Attachments for SharePoint OneDrive and Microsoft Teams is Enabled,Defender,SAFEATTACH,Medium,3,True,E5,True,auto-candidate,"Security admin center > Safe Attachments > Global settings > Turn on Defender for Office 365 for SharePoint, OneDrive, and Microsoft Teams",Set-AtpPolicyForO365 -EnableATPForSPOTeamsODB $true,,not-started,
DEFENDER-SAFELINKS-001,Ensure Safe Links for Office Applications is Enabled,Defender,SAFELINKS,High,3,False,E5,True,auto-candidate,Security admin center > Safe Links > Create a policy covering all users,"New-SafeLinksPolicy -Name ""Safe Links"" -IsEnabled $true; New-SafeLinksRule -Name ""Safe Links"" -SafeLinksPolicy ""Safe Links"" -RecipientDomainIs (Get-AcceptedDomain).Name",,not-started,
DEFENDER-SECUREMON-001,Ensure continuous security monitoring via Microsoft Secure Score,Defender,SECUREMON,Medium,3,False,E3,True,undetermined,,,Access Microsoft Secure Score at security.microsoft.com/securescore. Review and act on improvement recommendations regularly,not-started,
DEFENDER-SECURESCORE-001,Microsoft Secure Score Posture,Defender,SECURESCORE,Medium,3,False,E3,True,manual,security.microsoft.com/securescore > Improvement actions > sort by Score impact,,Review and act on improvement actions. Microsoft Secure Score > . Assign owners to high-impact actions and track progress,not-started,
DEFENDER-VULNSCAN-001,Ensure vulnerability scanning is active via Defender for Endpoint,Defender,VULNSCAN,High,5,False,E5,True,manual,security.microsoft.com > Vulnerability management to review coverage,,Enable Microsoft Defender for Endpoint. Navigate to . Ensure devices are onboarded to MDE,not-started,
DEFENDER-ZAP-001,Ensure Zero-hour auto purge for Microsoft Teams is on,Defender,ZAP,Medium,2,True,E5,True,manual,Security admin center > Settings > Zero-hour auto purge > Teams,,Enable ZAP for Teams in,not-started,
DNS-DKIM-001,Ensure that DKIM is enabled for all Exchange Online Domains,DNS,DKIM,Low,4,True,E3,True,undetermined,,,Connect to Exchange Online and verify accepted domains,not-started,
DNS-DMARC-001,Ensure DMARC Records for all Exchange Online domains are published,DNS,DMARC,High,5,True,E3,True,undetermined,,,Connect to Exchange Online and verify accepted domains,not-started,
DNS-MX-001,Ensure MX records exist and point to Exchange Online for all email domains,DNS,MX,High,,,E3,True,undetermined,,,,not-started,
DNS-SPF-001,Ensure that SPF records are published for all Exchange Domains,DNS,SPF,High,3,True,E3,True,undetermined,,,Connect to Exchange Online and verify accepted domains,not-started,
ENTRA-ADMIN-001,Ensure that between two and four global admins are designated,Entra,ADMIN,Medium,3,True,E3,True,undetermined,,,"The Global Administrator directory role is not activated in this tenant. Activate the role by assigning at least one user, then re-run the assessment",not-started,
ENTRA-ADMIN-002,Ensure access to the Entra admin center is restricted,Entra,ADMIN,Low,2,False,E3,True,manual,"Entra admin center > Identity > Users > User settings > Administration center > set ""Restrict access to Microsoft Entra admin center"" to Yes",,,not-started,
ENTRA-ADMIN-003,Ensure two emergency access accounts have been defined,Entra,ADMIN,Critical,3,True,E3,True,undetermined,,,Maintain at least two cloud-only emergency access accounts excluded from all Conditional Access policies,not-started,
ENTRA-ADMIN-004,Ensure all Global Administrators use phishing-resistant MFA,Entra,ADMIN,Critical,4,True,E3,True,manual,Entra admin center > Protection > Authentication methods > Policies,,"Enroll all Global Administrators in phishing-resistant MFA (FIDO2, Windows Hello for Business, or certificate-based)",not-started,
ENTRA-ADMINROLE-SEPARATION-001,Ensure Admin Accounts are Separated from Daily-Use Accounts,Entra,ADMINROLE,High,4,True,E3,True,manual,Entra admin center > Users > New user (cloud identity),,Create dedicated cloud-only admin accounts separate from daily-use accounts. Admin accounts should hold no Exchange mailbox or E3/E5 licenses. . Assign admin roles only to the dedicated accounts,not-started,
ENTRA-APPREG-001,Users Can Register Applications,Entra,APPREG,Medium,3,True,E3,True,auto-candidate,Entra admin center > Users > User settings,Update-MgPolicyAuthorizationPolicy -DefaultUserRolePermissions @{AllowedToCreateApps = $false},,not-started,
ENTRA-APPREG-002,Apps with localhost redirect URIs in production,EntApp,APPREG,Medium,3,False,E3,True,manual,Entra admin center > App registrations > Authentication,,"Remove localhost redirect URIs from production app registrations. In shared environments, tokens redirected to localhost can be intercepted",not-started,
ENTRA-APPREG-003,Apps with HTTP (non-HTTPS) redirect URIs,EntApp,APPREG,High,4,False,E3,True,manual,Entra admin center > App registrations > Authentication,,Update HTTP redirect URIs to HTTPS. Non-HTTPS URIs allow token interception via MITM attacks,not-started,
ENTRA-APPREG-004,Apps with wildcard redirect URIs (open redirect risk),EntApp,APPREG,High,4,False,E3,True,manual,Entra admin center > App registrations > Authentication,,Replace wildcard redirect URIs with explicit URIs. Wildcards enable open redirect attacks for token theft,not-started,
ENTRA-APPS-001,Ensure third party integrated applications are not allowed,Entra,APPS,Medium,3,True,E3,True,manual,Entra admin center > Users > User settings > Users can register applications > No,,Also review Enterprise applications > User settings > Users can consent to apps,not-started,
ENTRA-APPS-002,App registrations with dangerous Intune write permissions,StrykerReadiness,APPS,High,4,False,E3,True,manual,Entra admin center > App registrations > select app > API permissions,,"Remove Intune write permissions from app registrations that do not require them. . Remove DeviceManagementConfiguration.ReadWrite.All and equivalent permissions. Only approved, monitored service principals should hold Intune write access",not-started,
ENTRA-APPS-003,Ensure legacy MSOL and Azure AD PowerShell module access is blocked,Entra,APPS,Medium,3,True,E3,True,undetermined,,,Set 'blockMsolPowerShell' to true . Migrate scripts to the Microsoft Graph PowerShell SDK (Microsoft.Graph module) which uses modern authentication,not-started,
ENTRA-AUTHMETHOD-001,Ensure weak authentication methods are disabled,Entra,AUTHMETHOD,Medium,3,True,E3,True,manual,Entra admin center > Protection > Authentication methods > SMS > Disable,,SMS is vulnerable to SIM-swapping attacks,not-started,
ENTRA-AUTHMETHOD-002,Ensure the email OTP authentication method is disabled,Entra,AUTHMETHOD,Medium,3,True,E3,True,manual,Entra admin center > Protection > Authentication methods > Email OTP > Disable,,Email OTP is a weaker authentication factor,not-started,
ENTRA-AUTHMETHOD-003,Ensure Microsoft Authenticator is configured to protect against MFA fatigue,Entra,AUTHMETHOD,Low,1,False,E3,True,manual,"Entra admin center > Protection > Authentication methods > Microsoft Authenticator > Configure > Require number matching = Enabled, Show application name = Enabled",,,not-started,
ENTRA-AUTHMETHOD-004,Ensure system-preferred multifactor authentication is enabled,Entra,AUTHMETHOD,Medium,2,True,E3,True,manual,Entra admin center > Protection > Authentication methods > Settings > System-preferred multifactor authentication > Enabled,,,not-started,
ENTRA-AUTHMETHOD-005,Ensure authentication methods policy is fully migrated to the converged policy,Entra,AUTHMETHOD,Medium,3,True,E3,True,manual,Entra admin center > Protection > Authentication methods > Settings > Enable combined registration and set Migration to 'Migration complete',,This ensures all authentication method configurations are managed from a single policy,not-started,
ENTRA-AUTHMETHOD-006,Ensure suspicious activity reporting is enabled for MFA prompts,Entra,AUTHMETHOD,Medium,2,True,E3,True,manual,Entra admin center > Protection > Authentication methods > Settings > Report suspicious activity > State: Enabled,,"This allows users who receive unexpected MFA prompts to flag them, generating a risk event in Identity Protection",not-started,
ENTRA-AUTHMETHOD-007,Ensure Temporary Access Pass authentication method is enabled,Entra,AUTHMETHOD,Low,2,False,E3,True,manual,Entra admin center > Protection > Authentication methods > Temporary Access Pass > State: Enabled,,Scope to specific groups or all users as appropriate. Configure a short lifetime (1–8 hours) and set as single-use only,not-started,
ENTRA-AUTHMETHOD-008,Ensure Temporary Access Pass is configured as single-use only,Entra,AUTHMETHOD,Medium,3,True,E3,True,manual,Entra admin center > Protection > Authentication methods > Temporary Access Pass > Is usable once: Enabled,,This ensures each TAP is consumed on first use and cannot be replayed,not-started,
ENTRA-BREAKGLASS-001,No break-glass emergency access account detected,StrykerReadiness,BREAKGLASS,High,4,False,E3,True,manual,Entra admin center > Users > New user,,Create two cloud-only emergency access accounts with permanent Global Administrator roles. Exclude from all Conditional Access policies. Store credentials offline. . Alert on any sign-in via Azure Monitor or Microsoft Sentinel,not-started,
ENTRA-BREAKGLASS-002,Ensure emergency access account activity is monitored,Entra,BREAKGLASS,High,4,True,E5,True,manual,Entra admin center > Monitoring > Diagnostic settings > Add diagnostic setting,,"Select 'SignInLogs' and route to a Log Analytics workspace. Then create a Microsoft Sentinel or Azure Monitor alert rule: filter for UPN of both break-glass accounts, trigger on any successful or failed sign-in",not-started,
ENTRA-CA-001,Enable Conditional Access policies to block legacy authentication,Entra,CA,High,4,True,E3,True,manual,Entra admin center > Security > Conditional Access > New policy > Condition: Client apps = Other clients + Exchange ActiveSync clients > Grant: Block access,,Create a Conditional Access policy blocking legacy authentication protocols. . Monitor legacy auth sign-ins in the sign-in log before enforcing,not-started,
ENTRA-CA-002,Conditional Access Policy Count,Entra,CA,Medium,3,True,E3,True,undetermined,,,Informational — review Conditional Access policy coverage for your organization,not-started,
ENTRA-CA-003,Enabled Conditional Access Policies,Entra,CA,Medium,3,True,E3,True,auto-candidate,,"Get-MgIdentityConditionalAccessPolicy | Where-Object {$_.State -eq ''enabled''}. Ensure policies are set to On, not Report-only",,not-started,
ENTRA-CA-SESSIONFREQ-001,Ensure Conditional Access Enforces Session Sign-In Frequency,CAEvaluator,SESSIONFREQ,Medium,3,True,E3,True,manual,"Entra admin center > Security > Conditional Access > New policy > Grant: require periodic re-authentication > Session: Sign-in frequency (e.g., 8 hours for standard users, 1 hour for privileged sessions)",,Enforce sign-in frequency via Conditional Access. . Disable persistent browser sessions for unmanaged devices,not-started,
ENTRA-CLOUDADMIN-001,Ensure Administrative accounts are cloud-only,Entra,CLOUDADMIN,High,4,True,E3,False,manual,Entra admin center > Users > New user > Create user (cloud identity),,Create cloud-only admin accounts instead of using on-premises synced accounts,not-started,
ENTRA-CLOUDADMIN-002,Ensure administrative accounts use licenses with a reduced application footprint,Entra,CLOUDADMIN,Medium,3,True,E3,True,manual,M365 admin center > Users > Active users > Licenses,,Assign admin accounts minimal licenses (Entra ID P2). Do not assign E3/E5 productivity suites,not-started,
ENTRA-CONSENT-001,Ensure user consent to apps accessing company data on their behalf is not allowed,Entra,CONSENT,Low,2,False,E3,True,auto-candidate,Entra admin center > Enterprise applications > Consent and permissions,Update-MgPolicyAuthorizationPolicy -DefaultUserRolePermissions @{PermissionGrantPoliciesAssigned = @()},,not-started,
ENTRA-CONSENT-002,Ensure the admin consent workflow is enabled,Entra,CONSENT,Low,2,False,E3,True,auto-candidate,Entra admin center > Enterprise applications > Admin consent requests,Update-MgPolicyAdminConsentRequestPolicy -IsEnabled $true,,not-started,
ENTRA-CONSENT-003,User consent restricted to verified publishers only,Entra,CONSENT,High,4,True,E3,True,manual,Entra admin center > Enterprise applications > Consent and permissions > User consent settings > Allow consent only from verified publishers or block user consent entirely,,,not-started,
ENTRA-CONSENT-004,Tenant-wide admin consent grants to third-party apps,Entra,CONSENT,High,4,True,E3,True,manual,Entra admin center > Enterprise applications > filter by Admin consent,,Review tenant-wide admin consent grants. These grants apply to all users in the tenant. Remove overly broad grants that are no longer needed,not-started,
ENTRA-CONSENT-005,Ensure admin consent request has designated reviewers configured,Entra,CONSENT,Medium,3,True,E3,True,manual,Entra admin center > Enterprise applications > Consent and permissions > User consent settings > Admin consent requests > Reviewers: Add designated reviewers (Application Administrators or Cloud Application Administrators),,Avoid using Global Administrators as default reviewers,not-started,
ENTRA-CONSENT-006,Ensure admin consent request sends email notifications to reviewers,Entra,CONSENT,Low,2,False,E3,True,manual,Entra admin center > Enterprise applications > Consent and permissions > User consent settings > Admin consent requests > Notify reviewers: Enabled,,This ensures reviewers receive email notifications when new consent requests are submitted,not-started,
ENTRA-DEVICE-001,Ensure the ability to join devices to Entra is restricted,Entra,DEVICE,Medium,3,True,E3,True,manual,Entra admin center > Devices > Device settings > Users may join devices to Microsoft Entra > Selected,,Restrict to a specific group of authorized users,not-started,
ENTRA-DEVICE-002,Ensure the maximum number of devices per user is limited,Entra,DEVICE,Medium,3,True,E3,True,manual,Entra admin center > Devices > Device settings > Maximum number of devices per user,,Set to 15 or lower,not-started,
ENTRA-DEVICE-003,Ensure the GA role is not added as a local administrator during Entra join,Entra,DEVICE,Medium,3,True,E3,True,manual,Entra admin center > Devices > Device settings > Global administrator is added as local administrator on the device during Azure AD Join > No,,,not-started,
ENTRA-DEVICE-004,Ensure local administrator assignment is limited during Entra join,Entra,DEVICE,Medium,3,True,E3,True,manual,Entra admin center > Devices > Device settings > Manage Additional local administrators on all Azure AD joined devices,,Minimize additional local admins,not-started,
ENTRA-DEVICE-005,Ensure Local Administrator Password Solution is enabled,Entra,DEVICE,Medium,3,True,E3,True,manual,Entra admin center > Devices > Device settings > Enable Microsoft Entra Local Administrator Password Solution (LAPS) > Yes,,,not-started,
ENTRA-DEVICE-006,Ensure users are restricted from recovering BitLocker keys,Entra,DEVICE,Medium,3,True,E3,True,manual,Entra admin center > Devices > Device settings > Restrict users from recovering the BitLocker key(s) for their owned devices > Yes,,,not-started,
ENTRA-DISABLED-001,Disabled Member Account Count,Entra,DIRECTORY,Informational,2,False,E3,True,undetermined,,,"Review disabled accounts periodically and remove those not required for legal hold or audit purposes. In the Microsoft 365 admin center: Active users > Filter > Deleted users. For bulk removal, use: Get-MgUser -Filter 'accountEnabled eq false and userType eq Member' | Remove-MgUser",not-started,
ENTRA-ENTAPP-001,Enabled apps with client credentials (secrets or certificates),EntApp,ENTAPP,Medium,3,False,E3,True,manual,Entra admin center > Enterprise applications > review each app with credentials,,Remove secrets/certificates from apps that no longer need them,not-started,
ENTRA-ENTAPP-002,Inactive apps with credentials (no sign-in > 90 days),EntApp,ENTAPP,Medium,3,False,E3,True,manual,Entra admin center > Enterprise applications > filter by last sign-in > remove secrets/certificates,,Review the following inactive apps and remove their credentials or disable them:,not-started,
ENTRA-ENTAPP-003,Foreign apps with dangerous application permissions,EntApp,ENTAPP,High,4,False,E3,True,manual,Entra admin center > Enterprise applications > review foreign apps with Tier 0 permissions,,These permissions have documented attack paths to Global Administrator. Remove or replace with least-privilege alternatives,not-started,
ENTRA-ENTAPP-004,Foreign apps with dangerous delegated permissions,EntApp,ENTAPP,High,4,False,E3,True,manual,Entra admin center > Enterprise applications > review foreign apps with high-privilege delegated permissions,,Revoke admin consent or remove the app,not-started,
ENTRA-ENTAPP-005,Foreign apps with Entra directory roles,EntApp,ENTAPP,High,4,False,E3,True,manual,Entra admin center > Roles and administrators > review roles assigned to foreign service principals,,Remove role assignments from untrusted external apps,not-started,
ENTRA-ENTAPP-006,Apps with excessive permission count (>10 application permissions),EntApp,ENTAPP,Medium,3,False,E3,True,manual,Entra admin center > App registrations > [app] > API permissions,,Review apps with > 10 application permissions. Remove unnecessary permissions to follow least-privilege,not-started,
ENTRA-ENTAPP-007,App instance property lock not enabled,EntApp,ENTAPP,Medium,3,False,E3,True,manual,Entra admin center > Applications > App management policies > configure a default policy to lock sensitive properties on multi-tenant apps,,,not-started,
ENTRA-ENTAPP-008,Managed identities with dangerous application permissions,EntApp,ENTAPP,High,4,False,E3,True,manual,Azure portal > Managed Identity > API permissions,,"Review managed identity permissions. Use narrower permissions (e.g., Mail.Read instead of Mail.ReadWrite)",not-started,
ENTRA-ENTAPP-009,Managed identities with Entra directory roles,EntApp,ENTAPP,High,4,False,E3,True,manual,Entra admin center > Roles and administrators,,Review managed identities with directory roles. Use Graph API permissions instead of directory roles where possible,not-started,
ENTRA-ENTAPP-010,Internal apps with Tier 0 application permissions (Global Admin escalation paths),EntApp,ENTAPP,Critical,4,True,E3,True,manual,Entra admin center > App registrations > review internal apps with Tier 0 permissions,,Each has a documented path to Global Administrator. Replace with narrower permissions or use managed identities where possible,not-started,
ENTRA-ENTAPP-011,"Foreign apps with Tier 1 data access permissions (Mail, Files, Sites)",EntApp,ENTAPP,High,4,False,E3,True,manual,"Entra admin center > Enterprise applications > review foreign apps with broad data access (Mail.ReadWrite, Files.ReadWrite.All, etc.)",,Scope to least-privilege or remove,not-started,
ENTRA-ENTAPP-012,Apps using client secrets instead of certificates,EntApp,ENTAPP,Medium,3,False,E3,True,manual,Entra admin center > App registrations > Certificates & secrets,,Migrate app credentials from client secrets to certificates or managed identities. Secrets are extractable from memory and logs,not-started,
ENTRA-ENTAPP-013,Apps with expired credentials still present,EntApp,ENTAPP,Low,2,False,E3,True,manual,Entra admin center > App registrations > Certificates & secrets,,Remove expired credentials. Expired secrets/certs are attack surface -- they indicate poor credential lifecycle management,not-started,
ENTRA-ENTAPP-014,Apps with both secret and certificate credentials (dual credential types),EntApp,ENTAPP,Medium,3,False,E3,True,manual,Entra admin center > App registrations > Certificates & secrets,,Remove the client secret if a certificate is also configured. Dual credential types widen the attack surface,not-started,
ENTRA-ENTAPP-015,Service principals with client secret and permanent privileged directory role,EntApp,ENTAPP,Critical,4,True,E3,True,undetermined,,,Migrate privileged service principals from client secrets to certificates or managed identities. A secret on a permanently privileged SP is a persistent backdoor risk,not-started,
ENTRA-ENTAPP-016,Tier 0 permission apps with owners assigned (owner can impersonate),EntApp,ENTAPP,Critical,3,True,E3,True,manual,Entra admin center > App registrations > Owners,,Remove owners from apps with Tier 0 permissions. An owner of a Tier 0 app can add credentials and impersonate it to escalate to Global Admin,not-started,
ENTRA-ENTAPP-017,Apps with directory roles that have owners assigned,EntApp,ENTAPP,High,4,False,E3,True,manual,Entra admin center > App registrations > Owners,,Remove owners from apps holding Entra directory roles. Owners can add credentials and impersonate the SP to exercise those roles,not-started,
ENTRA-ENTAPP-018,Credentialed apps with no owners (orphaned),EntApp,ENTAPP,Medium,3,False,E3,True,manual,Entra admin center > App registrations > Owners > Add owner,,"Assign owners to orphaned app registrations. Without owners, no one is accountable for credential rotation or permission review",not-started,
ENTRA-ENTAPP-019,Tier 0 apps with no sign-in activity (unused privileged permissions),EntApp,ENTAPP,High,3,True,E3,True,manual,Entra admin center > Enterprise applications > Sign-in logs,,Review apps with Tier 0 permissions that show no sign-in activity. These permissions may have been granted but never used -- remove them to reduce attack surface,not-started,
ENTRA-ENTAPP-020,Foreign apps impersonating Microsoft product display names,EntApp,ENTAPP,High,3,True,E3,True,undetermined,,,Investigate foreign apps using Microsoft product names -- they may be social engineering attempts. Verify the publisher and appId against known Microsoft first-party apps. Remove if suspicious,not-started,
ENTRA-ENTAPP-021,Multi-tenant app registrations (AzureADMultipleOrgs),EntApp,ENTAPP,Medium,3,False,E3,True,manual,Entra admin center > App registrations > Authentication > Supported account types,,Review multi-tenant apps and restrict to AzureADMyOrg if they do not need cross-tenant access. Multi-tenant apps can be accessed by users from any Entra ID tenant,not-started,
ENTRA-GROUP-001,Ensure users cannot create security groups,Entra,GROUP,Low,2,False,E3,True,auto-candidate,Entra admin center > Groups > General,Update-MgPolicyAuthorizationPolicy -DefaultUserRolePermissions @{AllowedToCreateSecurityGroups = $false},,not-started,
ENTRA-GROUP-002,Ensure a dynamic group for guest users is created,Entra,GROUP,Low,2,False,E3,True,manual,"Entra admin center > Groups > New group > Membership type = Dynamic User > Rule: (user.userType -eq ""Guest"")",,This enables targeted policies for guest users,not-started,
ENTRA-GROUP-003,Ensure that only organizationally managed/approved public groups exist,Entra,GROUP,Medium,3,True,E3,True,manual,Entra admin center > Groups > All groups > select group > Owners > Add owners,,Assign owners to ownerless public M365 groups,not-started,
ENTRA-GROUP-004,Dynamic groups with user-controllable membership rules in privileged contexts,Entra,GROUP,Medium,3,True,E3,True,manual,Entra admin center > Groups > select dynamic group > Membership rules,,"Audit and restrict dynamic group membership rules that evaluate user-writable attributes. . Replace user-writable attributes (e.g., department, jobTitle) with HR-sourced attributes or convert to assigned groups for sensitive access",not-started,
ENTRA-GROUP-005,Sensitive groups not protected with role-assignable flag,Entra,GROUP,High,4,True,E3,True,manual,Entra admin center > Groups > New group > enable 'Azure AD roles can be assigned to the group',,Convert sensitive security groups to role-assignable to prevent unauthorized membership changes. . Recreate affected groups and update any app role or CA policy assignments,not-started,
ENTRA-GROUP-006,Public M365 groups count,Entra,GROUP,Medium,3,True,E3,True,manual,Entra admin center > Groups > filter Privacy: Public,,Convert public M365 groups to private. . Select each group > Properties > Privacy: Private. Implement a group creation policy defaulting new groups to Private,not-started,
ENTRA-GUEST-001,Ensure that guest user access is restricted,Entra,GUEST,Low,2,False,E3,True,auto-candidate,Entra admin center > External Identities > External collaboration settings,Update-MgPolicyAuthorizationPolicy -GuestUserRoleId ''2af84b1e-32c8-42b7-82bc-daa82404023b'',,not-started,
ENTRA-GUEST-002,Ensure guest user invitations are limited to the Guest Inviter role,Entra,GUEST,Low,2,False,E3,True,auto-candidate,Entra admin center > External Identities > External collaboration settings,Update-MgPolicyAuthorizationPolicy -AllowInvitesFrom ''adminsAndGuestInviters'',,not-started,
ENTRA-GUEST-003,Guest User Count,Entra,GUEST,Medium,3,True,E3,True,manual,Entra admin center > Users > Guest users,,Informational — review and remove stale guest accounts periodically,not-started,
ENTRA-GUEST-004,Ensure that collaboration invitations are sent to allowed domains only,Entra,GUEST,Medium,3,True,E3,True,manual,Entra admin center > External Identities > External collaboration settings > Collaboration restrictions > Allow invitations only to the specified domains,,,not-started,
ENTRA-HYBRID-001,Ensure that password hash sync is enabled for hybrid deployments,Entra,HYBRID,High,4,True,E3,True,manual,Entra admin center > Identity > Hybrid management > Microsoft Entra Connect,,Verify Password Hash Sync status in Microsoft Entra Connect or Microsoft Entra Cloud Sync,not-started,
ENTRA-HYBRID-002,On-premises synced users holding Tier-0/1 Entra roles,Entra,HYBRID,High,4,True,E3,True,manual,Entra admin center > Users > filter synced accounts > review role assignments,,Remove Tier-0/1 Entra directory roles from on-premises synced user accounts. . Create cloud-only replacement accounts and migrate role assignments; on-premises compromise must not reach cloud privilege,not-started,
ENTRA-LINKEDIN-001,Ensure 'LinkedIn account connections' is disabled,Entra,LINKEDIN,Low,2,False,E3,True,manual,Entra admin center > Users > User settings > LinkedIn account connections > No,,Prevents data leakage between LinkedIn and organizational directory,not-started,
ENTRA-MFA-001,Ensure all member users are 'MFA capable',Entra,MFA,High,3,True,E3,True,auto-candidate,Entra admin center > Protection > Authentication methods > Registration campaign,Update-MgBetaPolicyAuthenticationMethodPolicy with RegistrationEnforcement settings,,not-started,
ENTRA-MFA-002,Percentage of users without MFA method registered,Entra,MFA,High,3,True,E3,True,manual,Entra admin center > Protection > Authentication methods > Registration campaign > Enable,,Enable the registration campaign to prompt unregistered users. . Follow up with users shown in the authentication methods activity report,not-started,
ENTRA-ORGSETTING-001,Ensure 'User owned apps and services' is restricted,Entra,ORGSETTING,Medium,3,True,E3,True,manual,Entra admin center > Enterprise applications > Consent and permissions > User consent settings > Do not allow user consent,,,not-started,
ENTRA-ORGSETTING-002,Ensure internal phishing protection for Forms is enabled,Entra,ORGSETTING,Low,2,False,E3,True,manual,M365 admin center > Settings > Org settings > Microsoft Forms > ensure internal phishing protection is enabled,,,not-started,
ENTRA-ORGSETTING-003,Ensure 'third-party storage services' are restricted in 'Microsoft 365 on the web',Entra,ORGSETTING,Medium,3,True,E3,True,manual,M365 admin center > Settings > Org settings > Microsoft 365 on the web > uncheck all third-party storage services,,,not-started,
ENTRA-ORGSETTING-004,Ensure shared bookings pages are restricted to select users,Entra,ORGSETTING,Low,2,False,E3,True,manual,M365 admin center > Settings > Org settings > Bookings > restrict shared booking pages to selected staff members,,,not-started,
ENTRA-PASSWORD-001,Ensure the 'Password expiration policy' is set to 'Set passwords to never expire',Entra,PASSWORD,Low,2,False,E3,True,auto-candidate,M365 admin center > Settings > Password expiration policy,Update-MgDomain -DomainId {domain} -PasswordValidityPeriodInDays 2147483647,,not-started,
ENTRA-PASSWORD-002,Ensure custom banned passwords lists are used,Entra,PASSWORD,Medium,3,True,E3,True,auto-candidate,Entra admin center > Protection > Password protection,Update-MgBetaDirectorySetting for Password Rule Settings with CustomBannedPasswordsEnforced = true,,not-started,
ENTRA-PASSWORD-003,Smart Lockout Threshold,Entra,PASSWORD,Medium,3,True,E3,True,auto-candidate,Entra admin center > Protection > Password protection,Update-MgBetaDirectorySetting for Password Rule Settings with LockoutThreshold,,not-started,
ENTRA-PASSWORD-004,Custom Banned Password Count,Entra,PASSWORD,Medium,3,True,E3,True,auto-candidate,Entra admin center > Protection > Password protection,Update-MgBetaDirectorySetting for Password Rule Settings to add organization-specific terms,,not-started,
ENTRA-PASSWORD-005,Ensure password protection is enabled for on-prem Active Directory,Entra,PASSWORD,Medium,3,True,E3,True,undetermined,,,"Not applicable for cloud-only tenants. If you configure hybrid identity in the future, enable on-premises password protection",not-started,
ENTRA-PERUSER-001,Ensure 'Per-user MFA' is disabled,Entra,PERUSER,Medium,4,True,E3,True,manual,Entra admin center > Users > Per-user MFA > Ensure all users show Disabled,,Use Conditional Access policies for MFA enforcement instead of per-user MFA,not-started,
ENTRA-PIM-001,Ensure 'Privileged Identity Management' is used to manage roles,Entra,PIM,High,5,True,E5,True,manual,Entra admin center > Identity Governance > Privileged Identity Management > Azure AD roles > Global Administrator > Remove permanent active assignments,,Use eligible assignments with time-bound activation,not-started,
ENTRA-PIM-002,Ensure 'Access reviews' for Guest Users are configured,Entra,PIM,Medium,3,True,E5,True,manual,Entra admin center > Identity Governance > Access reviews > New access review > Review type: Guest users only,,Schedule recurring reviews,not-started,
ENTRA-PIM-003,Ensure 'Access reviews' for privileged roles are configured,Entra,PIM,High,4,True,E5,True,manual,Entra admin center > Identity Governance > Access reviews > New access review > Review type: Members of a group or Users assigned to a privileged role,,,not-started,
ENTRA-PIM-004,Ensure approval is required for Global Administrator role activation,Entra,PIM,High,5,True,E5,True,manual,Entra admin center > Identity Governance > PIM > Azure AD roles > Settings > Global Administrator > Require approval to activate > Yes,,,not-started,
ENTRA-PIM-005,Ensure approval is required for Privileged Role Administrator activation,Entra,PIM,High,5,True,E5,True,manual,Entra admin center > Identity Governance > PIM > Azure AD roles > Settings > Privileged Role Administrator > Require approval to activate > Yes,,,not-started,
ENTRA-PIM-006,Tier-0 role activation duration exceeds 4 hours,Entra,PIM,Medium,4,True,E5,True,manual,Entra admin center > Identity Governance > PIM > Microsoft Entra roles > select role > Settings > Edit > Activation tab > Maximum activation duration,,Reduce Tier-0 role activation duration to 4 hours or less,not-started,
ENTRA-PIM-007,Justification not required on Tier-0 role activation,Entra,PIM,Medium,2,True,E3,True,manual,Entra admin center > Identity Governance > PIM > Microsoft Entra roles > select role > Settings > Edit > Activation tab > enable 'Require justification on activation',,Require justification on Tier-0 role activation,not-started,
ENTRA-PIM-008,MFA not required on Tier-0 role activation,Entra,PIM,High,4,True,E5,True,manual,Entra admin center > Identity Governance > PIM > Microsoft Entra roles > select role > Settings > Edit > Activation tab > Require Azure MFA on activation,,Require MFA on Tier-0 role activation,not-started,
ENTRA-PIM-009,Permanent eligible assignments allowed for Tier-0 roles,Entra,PIM,High,5,True,E5,True,manual,"Entra admin center > Identity Governance > PIM > Microsoft Entra roles > select role > Settings > Edit > Assignment tab > Expire eligible assignments after (e.g., 12 months)",,Set a time-bound expiry on eligible assignments for Tier-0 roles. . Remove existing permanent eligible assignments and reissue as time-bound,not-started,
ENTRA-PIM-010,No admin notification on Tier-0 role activation,Entra,PIM,Medium,3,True,E5,True,manual,Entra admin center > Identity Governance > PIM > Microsoft Entra roles > select role > Settings > Edit > Notification tab > configure role activation alerts to notify security team or role administrators,,Enable admin notifications on Tier-0 role activation,not-started,
ENTRA-PRIVREMOTE-001,Ensure privileged commands require PIM activation for remote access,Entra,PRIVREMOTE,High,4,True,E3,True,manual,Entra admin center > Identity Governance > Privileged Identity Management > Entra ID roles,,Enable Entra ID PIM. Convert permanent role assignments to eligible. Configure activation to require justification and MFA,not-started,
ENTRA-ROLEGROUP-001,Unprotected groups in privileged role assignments,StrykerReadiness,ROLEGROUP,High,4,True,E3,True,manual,Entra admin center > Groups > New group > enable 'Azure AD roles can be assigned to the group',,Replace unprotected groups in privileged role assignments with role-assignable groups. . Recreate the group and migrate the role assignment,not-started,
ENTRA-SECDEFAULT-001,Security Defaults Enabled,Entra,SECDEFAULT,High,4,True,E3,True,auto-candidate,Entra admin center > Properties > Manage security defaults,Update-MgPolicyIdentitySecurityDefaultsEnforcementPolicy -IsEnabled $true,,not-started,
ENTRA-SECDEFAULT-002,Security Defaults Gap Analysis (CA Coverage),Entra,SECDEFAULT,High,2,False,E3,True,undetermined,,,No action needed. Conditional Access policies provide equivalent coverage to Security Defaults,not-started,
ENTRA-SESSION-001,Ensure the option to remain signed in is hidden,Entra,SESSION,Medium,3,True,E3,True,manual,Entra admin center > Company branding > edit branding > Sign-in page settings > Show option to remain signed in: No,,Hide the 'Stay signed in' option on the sign-in page,not-started,
ENTRA-SESSIONAUTH-001,Ensure Legacy Authentication Protocols are Blocked to Protect Session Authenticity,CAEvaluator,SESSIONAUTH,High,4,True,E3,True,manual,Entra admin center > Security > Conditional Access > New policy > target all users > Condition: Client apps = Other clients + Exchange ActiveSync > Grant: Block access,,"Block legacy authentication via Conditional Access. . Alternatively, enable the Microsoft-managed legacy auth block policy",not-started,
ENTRA-SOD-001,Ensure separation of duties for critical admin roles,Entra,SOD,High,3,True,E3,True,manual,Entra admin center > Identity > Roles & admins,,Ensure Global Administrator and Privileged Role Administrator roles are assigned to separate accounts. . Enable PIM approval workflows for role activation,not-started,
ENTRA-SSPR-001,Ensure MFA Registration Campaign is enabled to nudge users toward stronger methods,Entra,AUTHMETHOD,Medium,3,True,E3,True,manual,Entra admin center > Protection > Authentication methods > Registration campaign > Enable and target All Users,,,not-started,
ENTRA-SSPR-002,SSPR enabled for admin accounts,Entra,SSPR,High,4,True,E3,True,manual,Entra admin center > Protection > Password reset > Properties > set scope to Selected and exclude accounts holding directory roles,,Disable SSPR for administrator accounts. . Admin password resets should follow a governed helpdesk or PIM workflow,not-started,
ENTRA-STALEADMIN-001,Admin accounts inactive for more than 90 days,StrykerReadiness,STALEADMIN,High,4,True,E3,True,manual,Entra admin center > Users > sign-in activity column,,Disable or delete admin accounts inactive for 90+ days. . Review active PIM eligible assignments (Identity Governance > PIM > Assignments) and remove stale principals,not-started,
ENTRA-SYNCADMIN-001,On-premises synced admin accounts (compromise path),StrykerReadiness,SYNCADMIN,High,4,True,E3,True,manual,Entra admin center > Users > identify synced accounts holding directory roles > create cloud-only replacements > migrate role assignments > remove roles from synced accounts,,Replace on-premises synced admin accounts with cloud-only accounts for all Tier-0/1 roles,not-started,
ENTRA-TENANT-001,Ensure 'Restrict non-admin users from creating tenants' is set to 'Yes',Entra,TENANT,Low,2,False,E3,True,auto-candidate,Entra admin center > Users > User settings,Update-MgPolicyAuthorizationPolicy -DefaultUserRolePermissions @{AllowedToCreateTenants = $false},,not-started,
ENTRA-TOU-001,Ensure Terms of Use agreement policy is configured,Entra,TOU,Medium,2,True,E3,True,manual,Entra admin center > Identity Governance > Terms of use,,"Verify agreements have ""Require users to expand the terms of use"" enabled and are assigned via Conditional Access policies",not-started,
EXO-ADDINS-001,Ensure users installing Outlook add-ins is not allowed,ExchangeOnline,ADDINS,Medium,2,True,E3,True,manual,Exchange admin center > Roles > User roles > Default Role Assignment Policy,,"Remove MyMarketplaceApps, MyCustomApps, MyReadWriteMailboxApps roles",not-started,
EXO-ANTIPHISH-001,Anti-Phishing Policy Configuration,ExchangeOnline,ANTIPHISH,High,4,True,E3,True,manual,"Defender portal > Email & Collaboration > Policies & rules > Threat policies > Anti-phishing > edit default policy: enable mailbox intelligence, enable impersonation protection for key users and domains, set action to Quarantine for impersonation and spoof detections",,Harden the anti-phishing policy,not-started,
EXO-ANTISPAM-001,Anti-Spam Policy Configuration,ExchangeOnline,ANTISPAM,Medium,3,False,E3,True,manual,"Defender portal > Email & Collaboration > Policies & rules > Threat policies > Anti-spam > edit default inbound policy: spam action = Junk folder, high-confidence spam = Quarantine, phishing = Quarantine, BCL threshold = 6 or lower",,Harden the default inbound anti-spam policy,not-started,
EXO-AUDIT-001,Ensure 'AuditDisabled' organizationally is set to 'False',ExchangeOnline,AUDIT,Low,1,False,E3,True,auto-candidate,,"Set-OrganizationConfig -AuditDisabled $false. Note: this is the Exchange org-level audit flag and is a pre-condition for UAL, but does not guarantee UAL ingestion is active. Verify UAL separately (COMPLIANCE-AUDIT-001)",,not-started,
EXO-AUDIT-002,Ensure 'AuditBypassEnabled' is not enabled on mailboxes,ExchangeOnline,AUDIT,Low,1,False,E3,True,auto-candidate,,Set-MailboxAuditBypassAssociation -Identity <user> -AuditBypassEnabled $false for each bypassed mailbox,,not-started,
EXO-AUDIT-003,Ensure mailbox audit actions are configured,ExchangeOnline,AUDIT,Medium,2,False,E3,True,undetermined,,,No user mailboxes found to sample,not-started,
EXO-AUTH-001,Ensure modern authentication for Exchange Online is enabled,ExchangeOnline,AUTH,Medium,3,True,E3,True,auto-candidate,Exchange admin center > Settings > Modern authentication > Enable,Set-OrganizationConfig -OAuth2ClientProfileEnabled $true,,not-started,
EXO-AUTH-002,Ensure SMTP AUTH is disabled,ExchangeOnline,AUTH,High,5,True,E3,True,auto-candidate,,Set-TransportConfig -SmtpClientAuthenticationDisabled $true. Disable SMTP AUTH org-wide and enable per-mailbox only where required,,not-started,
EXO-CONNFILTER-001,Ensure the connection filter IP allow list is not used,ExchangeOnline,CONNFILTER,High,4,True,E3,True,auto-candidate,Exchange admin center > Protection > Connection filter > Edit the policy and remove all IP allow list entries,Set-HostedConnectionFilterPolicy -Identity <Policy> -IPAllowList @{},,not-started,
EXO-CONNFILTER-002,Ensure the connection filter safe list is off,ExchangeOnline,CONNFILTER,Medium,3,False,E3,True,auto-candidate,"Exchange admin center > Protection > Connection filter > Edit the policy and uncheck ""Turn on safe list""",Set-HostedConnectionFilterPolicy -Identity <Policy> -EnableSafeList $false,,not-started,
EXO-DIRECTSEND-001,Ensure Direct Send is not allowed for unauthorized relay,ExchangeOnline,DIRECTSEND,High,5,True,E5,True,undetermined,,,Connect to Exchange Online PowerShell to check inbound connector configuration,not-started,
EXO-DKIM-001,DKIM Signing Configuration,ExchangeOnline,DKIM,High,3,False,E3,True,manual,Defender portal > Email & Collaboration > Policies & rules > Threat policies > DKIM > select domain > Enable,,Enable DKIM signing for each accepted domain. . Add the two provided CNAME records to your DNS zone before enabling,not-started,
EXO-EXTTAG-001,Ensure email from external senders is identified,ExchangeOnline,EXTTAG,Low,2,False,E3,True,auto-candidate,,Set-ExternalInOutlook -Enabled $true. Tags external emails with a visual indicator in Outlook,,not-started,
EXO-FORWARD-001,Ensure all forms of mail forwarding are blocked and/or disabled,ExchangeOnline,FORWARD,High,4,True,E3,True,auto-candidate,,Set-RemoteDomain -Identity Default -AutoForwardEnabled $false. Also consider transport rules to block client-side forwarding,,not-started,
EXO-HIDDEN-001,Ensure no user mailboxes are hidden from the Global Address List,ExchangeOnline,HIDDEN,Low,2,False,E3,True,undetermined,,,"Investigate hidden user mailboxes. Mailboxes hidden from the Global Address List may indicate a compromised account. Review: Get-Mailbox -Filter ""HiddenFromAddressListsEnabled -eq $true -and RecipientTypeDetails -eq UserMailbox""",not-started,
EXO-LOCKBOX-001,Ensure the customer lockbox feature is enabled,ExchangeOnline,LOCKBOX,Low,2,False,E5,True,manual,M365 admin center > Settings > Org settings > Security & privacy > Customer Lockbox > Require approval,,Requires E5 or equivalent,not-started,
EXO-MAILTIPS-001,Ensure MailTips are enabled for end users,ExchangeOnline,MAILTIPS,Low,2,False,E3,True,auto-candidate,,Set-OrganizationConfig -MailTipsAllTipsEnabled $true,,not-started,
EXO-MALWARE-001,Malware Filter Policy Configuration,ExchangeOnline,MALWARE,High,4,True,E3,True,manual,"Defender portal > Email & Collaboration > Policies & rules > Threat policies > Anti-malware > edit default policy: enable common attachments filter, enable ZAP, configure admin notifications",,Harden the anti-malware policy,not-started,
EXO-OWA-001,Ensure additional storage providers are restricted in Outlook on the web,ExchangeOnline,OWA,Medium,3,False,E3,True,auto-candidate,,Set-OwaMailboxPolicy -Identity OwaMailboxPolicy-Default -AdditionalStorageProvidersAvailable $false,,not-started,
EXO-SHAREDMBX-001,Ensure sign-in to shared mailboxes is blocked,ExchangeOnline,SHAREDMBX,Medium,3,True,E3,True,manual,Entra admin center > Users > select shared mailbox user > Properties > Account enabled > No,,Block sign-in for shared mailbox accounts: Set-AzureADUser -ObjectId <UPN> -AccountEnabled $false,not-started,
EXO-SHARING-001,Ensure 'External sharing' of calendars is not available,ExchangeOnline,SHARING,Low,1,False,E3,True,manual,Exchange admin center > Organization > Sharing > Default sharing policy,,Remove wildcard (*) domains or restrict to CalendarSharingFreeBusySimple,not-started,
EXO-TRANSPORT-001,Ensure mail transport rules do not whitelist specific domains,ExchangeOnline,TRANSPORT,Medium,3,False,E3,True,manual,Exchange admin center > Mail flow > Rules,,"Remove or disable any transport rules that set SCL to -1 for specific sender domains, as this bypasses spam filtering",not-started,
EXO-TRANSPORT-002,Transport Rule Configuration for External Forwarding,ExchangeOnline,TRANSPORT,High,4,True,E3,True,manual,Exchange Admin Center > Mail flow > Rules > New rule: apply to messages where recipient is outside the org and message type is Auto Forward > Block the message,,Block automatic external forwarding via transport rule. . Also disable auto-forwarding in the outbound anti-spam policy,not-started,
FORMS-CONFIG-001,Ensure external users cannot respond to Microsoft Forms,Forms,CONFIG,Medium,2,True,E3,True,manual,"Microsoft 365 admin center > Settings > Org settings > Microsoft Forms > Uncheck ""People outside your organization can respond""",,,not-started,
FORMS-CONFIG-002,Ensure external users cannot collaborate on Microsoft Forms,Forms,CONFIG,Medium,2,True,E3,True,manual,"Microsoft 365 admin center > Settings > Org settings > Microsoft Forms > Uncheck ""People outside your organization can share and collaborate on forms""",,,not-started,
FORMS-CONFIG-003,Ensure external users cannot view form results,Forms,CONFIG,Medium,2,True,E3,True,manual,"Microsoft 365 admin center > Settings > Org settings > Microsoft Forms > Uncheck ""People outside your organization can see results summary and individual responses""",,,not-started,
FORMS-CONFIG-004,Ensure Microsoft Forms phishing protection is enabled,Forms,CONFIG,Medium,2,True,E3,True,manual,"Microsoft 365 admin center > Settings > Org settings > Microsoft Forms > Enable ""Internal phishing protection""",,,not-started,
FORMS-CONFIG-005,Ensure respondent identity recording is enabled by default,Forms,CONFIG,Medium,2,True,E3,True,manual,"Microsoft 365 admin center > Settings > Org settings > Microsoft Forms > Enable ""Record name by default when new forms are created""",,,not-started,
FORMS-CONFIG-006,Ensure Bing image and video search is disabled in Forms,Forms,CONFIG,Low,1,False,E3,True,manual,"Microsoft 365 admin center > Settings > Org settings > Microsoft Forms > Uncheck ""Bing search and YouTube video""",,,not-started,
INTUNE-APPCONTROL-001,Ensure application control policies restrict unauthorized software,Intune,APPCONTROL,High,3,True,E3,True,manual,Intune admin center > Devices > Configuration > Create profile > Endpoint protection > Windows Defender Application Control,,"Alternatively, deploy WDAC via custom OMA-URI",not-started,
INTUNE-AUTODISC-001,Ensure automated device discovery and enrollment is configured,Intune,AUTODISC,Medium,2,False,E3,True,manual,Entra admin center > Mobility (MDM and WIP) > Microsoft Intune > MDM user scope: All or Some,,Configure Intune automatic enrollment: . Consider configuring Windows Autopilot for zero-touch provisioning,not-started,
INTUNE-COMPLIANCE-001,Ensure devices without a compliance policy are marked 'not compliant',Intune,COMPLIANCE,High,4,True,E3,True,manual,Intune admin center > Devices > Compliance > Compliance policy settings > Mark devices with no compliance policy assigned as > Not compliant,,,not-started,
INTUNE-ENCRYPTION-001,Device Encryption Policy,Intune,ENCRYPTION,High,4,True,E3,True,manual,"Intune > Devices > Configuration profiles > Endpoint protection > BitLocker > require TPM startup, encrypt all drives, back up recovery keys to Entra ID",,Enable BitLocker via Intune endpoint protection policy. . Assign to all managed Windows device groups,not-started,
INTUNE-ENROLL-001,Ensure device enrollment for personally owned devices is blocked by default,Intune,ENROLL,Medium,3,True,E3,True,manual,Intune admin center > Devices > Enrollment > Device platform restrictions > Edit default policy > Block personally owned devices for each platform,,,not-started,
INTUNE-ENROLLMENT-001,Device Enrollment Restrictions,Intune,ENROLLMENT,Medium,2,True,E3,True,manual,Intune > Devices > Enrollment > Enrollment restrictions > Device limit restriction: set maximum devices per user,,Configure device enrollment restrictions. . Device type restrictions: allow only approved platforms and OS versions,not-started,
INTUNE-FIPS-001,Ensure FIPS-validated cryptography is enforced on managed devices,Intune,FIPS,High,4,True,E3,True,manual,Intune admin center > Devices > Configuration > Create profile > Custom OMA-URI > Add setting: ./Device/Vendor/MSFT/Policy/Config/Cryptography/AllowFipsAlgorithmPolicy = 1,,,not-started,
INTUNE-INVENTORY-001,Ensure Intune serves as authoritative device inventory with categories,Intune,INVENTORY,Medium,2,False,E3,True,manual,Intune admin center > Devices > Device categories > Create category,,Ensure devices are enrolled in Intune. Configure device categories:,not-started,
INTUNE-MAA-001,Multi-Admin Approval not enabled for destructive operations,StrykerReadiness,MAA,Medium,2,False,E3,True,manual,"Intune > Tenant administration > Multi admin approval > Create an access policy covering device wipes and sensitive configurations, and assign approvers",,Enable Multi Admin Approval for sensitive Intune operations,not-started,
INTUNE-MOBILECODE-001,Ensure PowerShell Execution Policy Restricts Script Execution on Managed Devices,Intune,MOBILECODE,High,3,True,E3,True,manual,Intune > Devices > Configuration profiles > Settings catalog > search 'Turn on Script Execution' > set to AllSigned or RemoteSigned,,Restrict PowerShell execution policy on managed endpoints. . Assign to all managed Windows device groups,not-started,
INTUNE-MOBILEENCRYPT-001,Ensure mobile device compliance policies require encryption,Intune,MOBILEENCRYPT,High,4,True,E3,True,manual,Intune admin center > Devices > Compliance > Create/edit iOS and Android compliance policies > Require device encryption,,,not-started,
INTUNE-PORTSTORAGE-001,Ensure portable storage devices are restricted on external systems,Intune,PORTSTORAGE,High,4,True,E3,True,manual,Intune admin center > Devices > Configuration > Create profile > Windows 10 and later > Device restrictions > General > Removable storage: Block,,,not-started,
INTUNE-RBAC-001,RBAC role assignments without scope tags,StrykerReadiness,RBAC,Low,2,False,E3,True,manual,Intune > Tenant administration > Roles > select role > Assignments > add scope tags to limit administrator visibility to assigned devices and users only,,Assign scope tags to all Intune RBAC role assignments,not-started,
INTUNE-REMOTEVPN-001,Ensure Always-On VPN Is Configured for Managed Remote Devices,Intune,REMOTEVPN,Medium,3,True,E3,True,manual,"Intune > Devices > Configuration profiles > New profile > Windows > VPN > Always On: Enable, Auto-trigger: Enable",,Configure Always On VPN for remote devices. . Select VPN connection type and deploy to remote worker device groups,not-started,
INTUNE-REMOVABLEMEDIA-001,Ensure Removable Media Use is Blocked on Managed Devices,Intune,REMOVABLEMEDIA,High,4,True,E3,True,manual,Intune > Devices > Configuration profiles > New profile > Windows > Device restrictions > General > Removable storage: Block,,Block removable storage on managed devices. . Assign to all managed device groups,not-started,
INTUNE-SECURITY-001,Device Compliance Policy Baseline,Intune,SECURITY,High,4,True,E3,True,manual,Intune > Devices > Compliance policies > Create policy > Windows 10 and later,,"Create a device compliance policy requiring BitLocker, secure boot, and minimum OS version. . Combine with a Conditional Access policy blocking non-compliant devices from accessing corporate resources",not-started,
INTUNE-UPDATE-001,Windows Update Ring Configuration,Intune,UPDATE,Medium,3,True,E3,True,manual,"Intune > Devices > Windows > Update rings for Windows 10 and later > Create: quality update deferral 0–7 days, feature update deferral 30–60 days, automatic restart notifications enabled",,Configure a Windows Update ring policy. . Assign to all managed Windows device groups,not-started,
INTUNE-VPNCONFIG-001,Ensure VPN Split Tunneling is Prevented on Managed Devices,Intune,VPNCONFIG,High,4,True,E3,True,manual,Intune > Devices > Configuration profiles > New profile > Windows > VPN > disable split tunneling (route all traffic through VPN),,Disable VPN split tunneling on managed devices. . Assign to all devices used for remote access,not-started,
INTUNE-WIFI-001,Ensure WiFi Enterprise Authentication and Encryption on Managed Devices,Intune,WIFI,High,4,True,E3,True,manual,"Intune > Devices > Configuration profiles > New profile > Windows > Wi-Fi > set Security type: WPA2-Enterprise, Authentication method: Certificates",,Deploy a Wi-Fi configuration profile requiring WPA2/WPA3-Enterprise authentication. . Assign to managed device groups,not-started,
INTUNE-WIPEAUDIT-001,Mass device wipe activity detected (attack indicator),StrykerReadiness,WIPEAUDIT,High,3,True,E3,True,manual,Intune > Tenant administration > Audit logs > filter by DeviceAction: Wipe,,Investigate: review Intune audit logs for the device wipe events immediately. . Verify each wipe was authorized. Rotate credentials and initiate incident response if unauthorized activity is confirmed,not-started,
PBI-API-001,Ensure access to APIs by Service Principals is restricted in Power BI,PowerBI,API,Medium,3,True,E3,True,manual,Power BI Admin portal > Tenant settings > Developer settings > Allow service principals to use Power BI APIs: Apply to specific security groups,,Restrict API access to approved service principals only. . Create a group containing only approved service principals,not-started,
PBI-AUTH-001,Ensure 'Block ResourceKey Authentication' is 'Enabled' in Power BI,PowerBI,AUTH,Medium,3,True,E3,True,manual,Power BI Admin portal > Tenant settings > Developer settings > Block ResourceKey Authentication: Enabled,,Enable ResourceKey authentication block,not-started,
PBI-CONTENT-001,Ensure guest access to content is restricted in Power BI,PowerBI,CONTENT,Medium,3,True,E3,True,manual,Power BI Admin portal > Tenant settings > Export and sharing settings > Allow Azure Active Directory guest users to access Power BI: Disabled,,Disable guest access to Power BI content. . Review and remove existing guest workspace members,not-started,
PBI-GUEST-001,Ensure guest user access is restricted in Power BI,PowerBI,GUEST,Medium,3,True,E3,True,manual,Power BI Admin portal > Tenant settings > Export and sharing settings > Allow Azure Active Directory guest users to access Power BI: Disabled,,Disable Power BI guest user access,not-started,
PBI-INVITE-001,Ensure external user invitations are restricted in Power BI,PowerBI,INVITE,Medium,3,True,E3,True,manual,Power BI Admin portal > Tenant settings > Export and sharing settings > Invite external users to your organization: Disabled or Apply to specific security groups,,Restrict external user invitations in Power BI,not-started,
PBI-LABELS-001,Ensure 'Allow users to apply sensitivity labels for content' is 'Enabled' in Power BI,PowerBI,LABELS,Medium,2,True,E3,True,manual,Power BI Admin portal > Tenant settings > Information protection > Allow users to apply sensitivity labels for Power BI content: Enabled,,Enable sensitivity label support in Power BI. . Ensure labels are published to Power BI users in Microsoft Purview compliance portal,not-started,
PBI-LINK-001,Ensure shareable links are restricted in Power BI,PowerBI,LINK,Medium,2,True,E3,True,manual,Power BI Admin portal > Tenant settings > Export and sharing settings > Allow shareable links to grant access to everyone in your organization: Disabled or Apply to specific security groups,,Restrict shareable links in Power BI,not-started,
PBI-PROFILE-001,Ensure Service Principals cannot create and use profiles in Power BI,PowerBI,PROFILE,Medium,3,True,E3,True,manual,Power BI Admin portal > Tenant settings > Allow service principals to create and use profiles: Disabled or Apply to specific security groups,,Disable or restrict service principal profiles,not-started,
PBI-PUBLISH-001,Ensure 'Publish to web' is restricted in Power BI,PowerBI,PUBLISH,Medium,3,True,E3,True,manual,Power BI Admin portal > Tenant settings > Export and sharing settings > Publish to web: Disabled,,Disable 'Publish to web'. . Revoke existing public embed codes via Power BI Admin portal > Embed Codes,not-started,
PBI-SCRIPT-001,Ensure 'Interact with and share R and Python' visuals is 'Disabled' in Power BI,PowerBI,SCRIPT,Medium,3,True,E3,True,manual,Power BI Admin portal > Tenant settings > R visuals settings > Interact with and share R and Python visuals: Disabled,,Disable R and Python visuals,not-started,
PBI-SHARING-001,Ensure enabling of external data sharing is restricted in Power BI,PowerBI,SHARING,Medium,3,True,E3,True,manual,Power BI Admin portal > Tenant settings > Export and sharing settings > Allow specific users to turn on external data sharing: Disabled or Apply to specific security groups,,Restrict external data sharing,not-started,
PBI-TENANT-001,Power BI External Sharing Configuration,PowerBI,TENANT,Medium,4,True,E5,True,manual,"Power BI Admin portal > Tenant settings > Export and sharing settings: disable or restrict Publish to web, export options, and external sharing settings to approved security groups aligned to data classification requirements",,Review and restrict Power BI external sharing settings,not-started,
PBI-TENANT-002,Power BI Publish to Web Configuration,PowerBI,TENANT,High,5,True,E5,True,manual,Power BI Admin portal > Tenant settings > Export and sharing settings > Publish to web: Disabled or Apply to specific security groups,,Disable or restrict 'Publish to web'. . Revoke existing public embed codes via Power BI Admin portal > Embed Codes,not-started,
PBI-TENANT-003,Power BI Guest Access Configuration,PowerBI,TENANT,Medium,4,True,E5,True,manual,Power BI Admin portal > Tenant settings > Export and sharing settings > Allow Azure Active Directory guest users to access Power BI: Disabled or Apply to specific security groups,,Restrict or disable Power BI guest access,not-started,
POWERBI-AUTH-001,Ensure 'Block ResourceKey Authentication' is 'Enabled' in Power BI,PowerBI,Authentication,Medium,3,True,E3,True,manual,Power BI Admin Portal > Tenant settings > Developer settings > Block ResourceKey Authentication > Enabled,,,not-started,
POWERBI-AUTH-002,Ensure access to APIs by Service Principals is restricted in Power BI,PowerBI,Authentication,Medium,3,True,E3,True,manual,Power BI Admin Portal > Tenant settings > Developer settings > Allow service principals to use Power BI APIs > Disabled or restricted to specific security groups,,,not-started,
POWERBI-AUTH-003,Ensure Service Principals cannot create and use profiles in Power BI,PowerBI,Authentication,Medium,3,True,E3,True,manual,Power BI Admin Portal > Tenant settings > Developer settings > Allow service principals to create and use profiles > Disabled,,,not-started,
POWERBI-GUEST-001,Ensure guest user access is restricted in Power BI,PowerBI,Guest Access,Medium,3,True,E3,True,manual,Power BI Admin Portal > Tenant settings > Export and sharing > Allow guest users to browse and access Power BI content > Disabled,,,not-started,
POWERBI-GUEST-002,Ensure external user invitations are restricted in Power BI,PowerBI,Guest Access,Medium,3,True,E3,True,manual,Power BI Admin Portal > Tenant settings > Export and sharing > Invite external users to your organization > Disabled,,,not-started,
POWERBI-GUEST-003,Ensure guest access to content is restricted in Power BI,PowerBI,Guest Access,Medium,3,True,E3,True,manual,Power BI Admin Portal > Tenant settings > Export and sharing > Allow Azure Active Directory guest users to access Power BI > Disabled,,,not-started,
POWERBI-INFOPROT-001,Ensure 'Allow users to apply sensitivity labels for content' is 'Enabled' in Power BI,PowerBI,Information Protection,Medium,2,True,E3,True,manual,Power BI Admin Portal > Tenant settings > Information protection > Allow users to apply sensitivity labels for content > Enabled,,,not-started,
POWERBI-SERVICEPRINCIPAL-001,"Ensure service principals are restricted from creating Power BI workspaces, connections and deployment pipelines",PowerBI,CONFIG,Medium,2,True,E3,True,manual,Power BI Admin Portal > Tenant settings > Developer settings > Allow service principals to use Power BI APIs > Disabled (or restrict to specific security groups),,Also set 'Allow service principals to create and use profiles' and 'Allow service principals to use read-only admin APIs' to Disabled unless operationally required,not-started,
POWERBI-SHARING-001,Ensure 'Publish to web' is restricted in Power BI,PowerBI,Sharing,Medium,3,True,E3,True,manual,Power BI Admin Portal > Tenant settings > Export and sharing > Publish to web > Disabled,,,not-started,
POWERBI-SHARING-002,Ensure 'Interact with and share R and Python' visuals is 'Disabled' in Power BI,PowerBI,Sharing,Low,2,False,E3,True,manual,Power BI Admin Portal > Tenant settings > R and Python visuals > Interact with and share R and Python visuals > Disabled,,,not-started,
POWERBI-SHARING-003,Ensure shareable links are restricted in Power BI,PowerBI,Sharing,Medium,2,True,E3,True,manual,Power BI Admin Portal > Tenant settings > Export and sharing > Allow shareable links to grant access to everyone in your organization > Disabled,,,not-started,
POWERBI-SHARING-004,Ensure enabling of external data sharing is restricted in Power BI,PowerBI,Sharing,Medium,3,True,E3,True,manual,Power BI Admin Portal > Tenant settings > Export and sharing > Allow external data sharing > Disabled,,,not-started,
PURVIEW-AUDIT-001,Unified Audit Logging Enabled,Compliance,AUDIT,Critical,2,False,E3,True,undetermined,,,Enable unified audit logging. Purview compliance portal > Audit > Search > Start recording user and admin activity. PowerShell: Set-AdminAuditLogConfig -UnifiedAuditLogIngestionEnabled $true,not-started,
PURVIEW-RETENTION-001,Data Retention Policies,Compliance,RETENTION,Medium,3,False,E3,True,manual,Microsoft Purview > Data lifecycle management > Retention policies > Create a retention policy to preserve or delete content per your requirements,,,not-started,
PURVIEW-RETENTION-002,Ensure Exchange is covered by a retention policy,PurviewRetention,CONFIG,High,3,False,E3,True,manual,Microsoft Purview > Data lifecycle management > Retention policies > Create or edit a retention policy to include Exchange email and mailboxes,,,not-started,
PURVIEW-RETENTION-003,Ensure Teams is covered by a retention policy,PurviewRetention,CONFIG,High,3,False,E3,True,manual,Microsoft Purview > Data lifecycle management > Retention policies > Create or edit a retention policy to include Teams channel messages and chats,,,not-started,
PURVIEW-RETENTION-004,Ensure SharePoint/OneDrive is covered by a retention policy,PurviewRetention,CONFIG,High,3,False,E3,True,manual,Microsoft Purview > Data lifecycle management > Retention policies > Create or edit a retention policy to include SharePoint sites and OneDrive accounts,,,not-started,
PURVIEW-RETENTION-005,Ensure all retention policies are in Enforce mode,PurviewRetention,CONFIG,High,3,False,E3,True,manual,Microsoft Purview > Data lifecycle management > Retention policies > Edit each policy in simulation mode and switch it to Enforce once validated,,,not-started,
SPO-ACCESS-001,Conditional Access policy coverage for SharePoint,SharePoint,ACCESS,High,4,True,E5,True,undetermined,,,Ensure Policy.Read.All permission is consented. Create a CA policy targeting SharePoint Online (00000003-0000-0ff1-ce00-000000000000) or All Cloud Apps,not-started,
SPO-ACCESS-002,Unmanaged device sync restriction,SharePoint,ACCESS,Medium,3,True,E3,True,auto-candidate,SharePoint admin center > Settings > Sync,Set-SPOTenantSyncClientRestriction -Enable. Also consider Conditional Access policies with device compliance conditions for defense in depth,,not-started,
SPO-AUTH-001,Ensure modern authentication for SharePoint applications is required,SharePoint,AUTH,High,3,True,E3,True,auto-candidate,SharePoint admin center > Policies > Access control > Apps that do not use modern authentication > Block access,Set-SPOTenant -LegacyAuthProtocolsEnabled $false,,not-started,
SPO-B2B-001,Ensure SharePoint and OneDrive integration with Azure AD B2B is enabled,SharePoint,B2B,Medium,2,True,E3,True,manual,SharePoint admin center > Policies > Sharing > More external sharing settings > Enable integration with Azure AD B2B,,Enable B2B integration in,not-started,
SPO-CUIACCESS-001,Ensure SharePoint External Sharing Restricts Access to CUI on Digital Media,SharePoint,CUIACCESS,High,3,True,E3,True,manual,SharePoint Admin Center > Policies > Sharing > set external sharing to 'Existing guests only' or 'Only people in your organization',,Restrict SharePoint external sharing to prevent CUI exposure. . Apply sensitivity labels and CA policies to CUI-classified sites,not-started,
SPO-LOOP-001,Loop Components Enabled,SharePoint,LOOP,Low,2,False,E3,True,manual,SharePoint admin center > Settings if not required by organizational policy,,Review Loop components usage policy. Disable via,not-started,
SPO-LOOP-002,OneDrive Loop Sharing,SharePoint,LOOP,Medium,3,True,E3,True,manual,SharePoint admin center > Settings > restrict Loop sharing to internal users or existing guests only,,,not-started,
SPO-MALWARE-002,Ensure Office 365 SharePoint infected files are disallowed for download,SharePoint,MALWARE,High,5,True,E5,True,auto-candidate,SharePoint admin center > Policies > Malware protection,Set-SPOTenant -DisallowInfectedFileDownload $true,,not-started,
SPO-OD-001,Ensure OneDrive content sharing is restricted,SharePoint,OD,High,3,True,E3,True,manual,"SharePoint admin center > Policies > Sharing > OneDrive > set to ""Existing guests"" or more restrictive",,,not-started,
SPO-SCRIPT-001,Ensure custom script execution is restricted on personal sites,SharePoint,SCRIPT,High,5,True,E5,True,auto-candidate,SharePoint admin center > Settings > Custom Script > prevent users from running custom script on personal sites,Set-SPOSite -Identity <PersonalSiteUrl> -DenyAddAndCustomizePages 1,,not-started,
SPO-SCRIPT-002,Ensure custom script execution is restricted on site collections,SharePoint,SCRIPT,High,5,True,E5,True,auto-candidate,SharePoint admin center > Settings > Custom Script > prevent users from running custom script on self-service created sites,Set-SPOTenant -DenyAddAndCustomizePagesForSitesCreatedByUser 1,,not-started,
SPO-SESSION-001,Ensure 'Idle session timeout' is set to '3 hours (or less)' for unmanaged devices,SharePoint,SESSION,Medium,3,True,E3,True,auto-candidate,M365 admin center > Settings > Org settings > Idle session timeout,Set-SPOBrowserIdleSignOut -Enabled $true -SignOutAfter ''01:00:00'',,not-started,
SPO-SHARING-001,Ensure external content sharing is restricted,SharePoint,SHARING,Critical,4,True,E3,True,auto-candidate,SharePoint admin center > Policies > Sharing,Set-SPOTenant -SharingCapability ExistingExternalUserSharingOnly,,not-started,
SPO-SHARING-002,Ensure that SharePoint guest users cannot share items they don't own,SharePoint,SHARING,Medium,3,True,E3,True,auto-candidate,SharePoint admin center > Policies > Sharing,Set-SPOTenant -PreventExternalUsersFromResharing $true,,not-started,
SPO-SHARING-003,Ensure SharePoint external sharing is managed through domain whitelist/blacklists,SharePoint,SHARING,Medium,3,True,E3,True,auto-candidate,SharePoint admin center > Policies > Sharing > Limit sharing by domain,"Set-SPOTenant -SharingDomainRestrictionMode AllowList -SharingAllowedDomainList ""partner.com""",,not-started,
SPO-SHARING-004,Ensure link sharing is restricted in SharePoint and OneDrive,SharePoint,SHARING,Critical,4,True,E3,True,auto-candidate,SharePoint admin center > Policies > Sharing > File and folder links > Default link type > Specific people,Set-SPOTenant -DefaultSharingLinkType Direct,,not-started,
SPO-SHARING-005,Ensure guest access to a site or OneDrive will expire automatically,SharePoint,SHARING,Medium,3,True,E3,True,auto-candidate,SharePoint admin center > Policies > Sharing > Guest access expiration,Set-SPOTenant -ExternalUserExpirationRequired $true -ExternalUserExpireInDays 30,,not-started,
SPO-SHARING-006,Ensure reauthentication with verification code is restricted,SharePoint,SHARING,Medium,3,True,E3,True,auto-candidate,SharePoint admin center > Policies > Sharing > Verification code reauthentication,Set-SPOTenant -EmailAttestationRequired $true -EmailAttestationReAuthDays 30,,not-started,
SPO-SHARING-007,Ensure the SharePoint default sharing link permission is set,SharePoint,SHARING,Medium,3,True,E3,True,auto-candidate,SharePoint admin center > Policies > Sharing > File and folder links > Default permission > View,Set-SPOTenant -DefaultLinkPermission View,,not-started,
SPO-SHARING-008,Ensure external sharing is restricted by security group,SharePoint,SHARING,Medium,3,True,E3,True,manual,"SharePoint admin center > Policies > Sharing > More external sharing settings > ""Allow only users in specific security groups to share externally""",,Verify in SharePoint Admin Center or use Get-SPOTenant,not-started,
SPO-SITE-001,Site sharing level within tenant policy,SharePoint,SITE,High,3,True,E3,True,manual,SharePoint admin center > Active sites,,Ensure SharePointTenantSettings.Read.All permission is consented. Review site sharing levels in,not-started,
SPO-SITE-002,Sensitive sites have restricted external sharing,SharePoint,SITE,High,3,True,E3,True,manual,SharePoint admin center > Active sites,,Review site sharing manually in,not-started,
SPO-SITE-003,Site collection administrator visibility,SharePoint,SITE,Informational,1,False,E3,False,auto-candidate,,Get-SPOSite | ForEach-Object { Get-SPOSiteAdministrator -Site $_.Url } to enumerate site administrators,,not-started,
SPO-SWAY-001,Ensure that Sways cannot be shared with people outside of your organization,SharePoint,SWAY,Medium,2,True,E3,True,manual,Microsoft 365 Admin Center > Settings > Org settings > Sway > disable 'Let people in your organization share their sways with people outside your organization',,Disable external Sway sharing,not-started,
SPO-SYNC-001,Ensure OneDrive sync is restricted for unmanaged devices,SharePoint,SYNC,Medium,3,True,E3,True,auto-candidate,SharePoint admin center > Settings > Sync > Allow syncing only on computers joined to specific domains,Set-SPOTenantSyncClientRestriction -Enable,,not-started,
SPO-SYNC-002,Mac Sync App Enabled,SharePoint,SYNC,Low,2,False,E3,True,manual,SharePoint admin center > Settings > Sync > disable Mac sync app if not required by organizational policy,,,not-started,
SPO-VERSIONING-001,Version history configuration,SharePoint,VERSIONING,Medium,2,False,E3,True,undetermined,,,Set version history limits at the library level in SharePoint admin center. Ensure at least 100 major versions are retained for ransomware recovery,not-started,
TEAMS-APPS-001,Chat Resource-Specific Consent Enabled,Teams,APPS,Medium,3,True,E3,True,auto-candidate,Teams admin center > Teams apps > Permission policies,Set-CsTeamsAppPermissionPolicy -DefaultCatalogAppsType AllowedAppList,,not-started,
TEAMS-APPS-002,Ensure app permission policies are configured,Teams,APPS,Medium,3,True,E3,True,manual,Teams admin center > Teams apps > Permission policies > Org-wide app settings > Third-party apps > Off (or restrict to approved apps),,,not-started,
TEAMS-CLIENT-001,Ensure external file sharing in Teams is enabled for only approved cloud storage services,Teams,CLIENT,Medium,3,True,E3,True,auto-candidate,Teams admin center > Messaging policies > Manage third-party storage,Set-CsTeamsClientConfiguration -AllowDropBox $false -AllowBox $false -AllowGoogleDrive $false -AllowShareFile $false -AllowEgnyte $false,,not-started,
TEAMS-CLIENT-002,Ensure users can't send emails to a channel email address,Teams,CLIENT,Low,1,False,E3,True,auto-candidate,Teams admin center > Teams settings > Email integration > Users can send emails to a channel email address > Off,Set-CsTeamsClientConfiguration -AllowEmailIntoChannel $false,,not-started,
TEAMS-EXTACCESS-001,Ensure communication with unmanaged Teams users is disabled,Teams,EXTACCESS,Medium,3,True,E3,True,auto-candidate,Teams admin center > Users > External access > Teams accounts not managed by an organization > Off,Set-CsTenantFederationConfiguration -AllowTeamsConsumer $false,,not-started,
TEAMS-EXTACCESS-002,Ensure external Teams users cannot initiate conversations,Teams,EXTACCESS,Medium,3,True,E3,True,auto-candidate,Teams admin center > Users > External access > External users can initiate conversations > Off,Set-CsTenantFederationConfiguration -AllowTeamsConsumerInbound $false,,not-started,
TEAMS-EXTACCESS-003,Ensure external domains are restricted in the Teams admin center,Teams,EXTACCESS,Medium,3,True,E3,True,auto-candidate,Teams admin center > Users > External access > Choose which external domains your users have access to > Allow only specific external domains,Set-CsTenantFederationConfiguration -AllowFederatedUsers $false (or restrict with -AllowedDomains),,not-started,
TEAMS-EXTACCESS-004,Ensure communication with Skype users is disabled,Teams,EXTACCESS,Medium,3,True,E3,True,auto-candidate,Teams admin center > Users > External access > Skype users > Off,Set-CsTenantFederationConfiguration -AllowPublicUsers $false,,not-started,
TEAMS-GUEST-001,Guest Access to Teams,Teams,GUEST,High,3,True,E3,True,manual,"Teams Admin Center > Org-wide settings > Guest access > Allow guest access in Teams: Off, or restrict calling, meeting, and messaging settings to the minimum required for external collaboration",,Disable or restrict guest access,not-started,
TEAMS-INFO-001,Teams Workload Active,Teams,INFO,Informational,1,False,E3,True,undetermined,,,Informational — confirms Teams service connectivity,not-started,
TEAMS-MEETING-001,Ensure anonymous users can't join a meeting,Teams,MEETING,High,2,True,E3,True,auto-candidate,Teams admin center > Meetings > Meeting policies > Global > Anonymous users can join a meeting > Off,Set-CsTeamsMeetingPolicy -Identity Global -AllowAnonymousUsersToJoinMeeting $false,,not-started,
TEAMS-MEETING-002,Ensure anonymous users and dial-in callers can't start a meeting,Teams,MEETING,Medium,3,True,E3,True,auto-candidate,Teams admin center > Meetings > Meeting policies > Global > Anonymous users can start a meeting > Off,Set-CsTeamsMeetingPolicy -Identity Global -AllowAnonymousUsersToStartMeeting $false,,not-started,
TEAMS-MEETING-003,Ensure only people in my org can bypass the lobby,Teams,MEETING,Medium,3,True,E3,True,auto-candidate,Teams admin center > Meetings > Meeting policies > Global > Who can bypass the lobby > People in my org,Set-CsTeamsMeetingPolicy -Identity Global -AutoAdmittedUsers EveryoneInCompanyExcludingGuests,,not-started,
TEAMS-MEETING-004,Ensure users dialing in can't bypass the lobby,Teams,MEETING,Medium,3,True,E3,True,auto-candidate,Teams admin center > Meetings > Meeting policies > Global > Dial-in users can bypass the lobby > Off,Set-CsTeamsMeetingPolicy -Identity Global -AllowPSTNUsersToBypassLobby $false,,not-started,
TEAMS-MEETING-005,Ensure external participants can't give or request control,Teams,MEETING,Medium,3,True,E3,True,auto-candidate,Teams admin center > Meetings > Meeting policies > Global > External participants can give or request control > Off,Set-CsTeamsMeetingPolicy -Identity Global -AllowExternalParticipantGiveRequestControl $false,,not-started,
TEAMS-MEETING-006,Ensure meeting chat does not allow anonymous users,Teams,MEETING,Medium,3,True,E3,True,auto-candidate,Teams admin center > Meetings > Meeting policies > Global > Meeting chat > On for everyone except anonymous users,Set-CsTeamsMeetingPolicy -Identity Global -MeetingChatEnabledType EnabledExceptAnonymous,,not-started,
TEAMS-MEETING-007,Ensure only organizers and co-organizers can present,Teams,MEETING,Medium,3,True,E3,True,auto-candidate,Teams admin center > Meetings > Meeting policies > Global > Who can present > Only organizers,Set-CsTeamsMeetingPolicy -Identity Global -DesignatedPresenterRoleMode OrganizerOnlyUserOverride,,not-started,
TEAMS-MEETING-008,Ensure external meeting chat is off,Teams,MEETING,Medium,3,True,E3,True,auto-candidate,Teams admin center > Meetings > Meeting policies > Global > External meeting chat > Off,Set-CsTeamsMeetingPolicy -Identity Global -AllowExternalNonTrustedMeetingChat $false,,not-started,
TEAMS-MEETING-009,Ensure meeting recording is off by default,Teams,MEETING,Medium,3,True,E3,True,auto-candidate,Teams admin center > Meetings > Meeting policies > Global > Cloud recording > Off,Set-CsTeamsMeetingPolicy -Identity Global -AllowCloudRecording $false,,not-started,
TEAMS-REPORTING-001,Ensure users can report security concerns in Teams,Teams,REPORTING,Medium,2,True,E3,True,manual,Teams admin center > Messaging policies > Global (Org-wide default) > Report a security concern > On,,,not-started,
